{"0": [0.10525996208190919, 0.1059207010269165, 0.1013426685333252], "1": [0.16741832733154297, 0.16892432689666748, 0.16398688077926635], "2": [0.26618921995162964, 0.26737276077270505, 0.26324120759963987], "3": [0.427377290725708, 0.431610164642334, 0.4254553556442261], "4": [0.6851283621788025, 0.692327332496643, 0.6854999780654907], "5": [1.0990519046783447, 1.107822790145874, 1.099885468482971], "6": [1.7784712934494018, 1.7878290557861327, 1.7335611653327943], "7": [2.8727270770072937, 2.8460305881500245, 2.81388014793396], "8": [4.5118048596382145, 4.475203244686127, 4.156956820487976], "9": [7.2377870297431945, 6.741211559772491, 6.185902154445648], "10": [10.416798322200775, 10.506099545955658, 9.004521420001984], "11": [16.441313214302063, 16.90648908853531, 13.853511006832123], "12": [21.758571610450744, 24.059701135158537, 16.126558022499083], "13": [30.784381940364838, 37.142964675426484, 22.335984485149382], "14": [43.78282292366028, 57.08044361114502, 33.82906269550323], "15": [53.00412833929062, 88.97116889953614, 44.99175173521042], "16": [73.55221354961395, 145.9553411579132, 68.3950125527382], "17": [107.80476033449173, 203.07332017421723, 84.7933642244339], "18": [110.25479713916779, 309.6360900664329, 137.94824007034302]}