{"0": [0, 0, 0], "1": [0, 0, 0], "2": [0, 0, 0], "3": [0, 0, 0], "4": [88.68308192823807, 0, 55.723296397572646], "5": [65.01223149991003, 30.0, 85.85335619915192], "6": [78.035653083896, 60.0, 60.63721993448049], "7": [61.5459868146569, 62.0, 78.04615282083952], "8": [127.76284271599752, 74.0, 83.04187079100473], "9": [129.2162162711456, 71.21212121212122, 80.50813704291562], "10": [167.07840198769364, 66.17647101901994, 78.42496927273778], "11": [146.4409213388872, 68.82352941176471, 84.399707067941], "12": [125.54534706439979, 64.52831879036205, 86.89289846304573], "13": [134.94558873010084, 65.58333383706268, 85.62898581500548], "14": [159.14087877579217, 63.79033716675639, 85.1281910933256], "15": [140.4478128648476, 67.0717581665432, 87.06424186479269], "16": [158.79918169230027, 65.75757575757575, 85.79016606066328], "17": [149.00696533521165, 63.60759621796896, 85.25318407457479], "18": [139.01869446379294, 62.25, 86.4426695477228]}