{"0": [0, 0, 0], "1": [0, 0, 0], "2": [0, 0.13155579566955566, 0], "3": [0, 0, 0], "4": [0.5453760623931885, 0.5279233455657959, 0.5081701278686523], "5": [0.431140661239624, 0.26867246627807617, 0.680566668510437], "6": [1.533311367034912, 1.1008356809616089, 0.6656330585479736], "7": [2.2715978622436523, 1.728114938735962, 1.9230108261108398], "8": [3.296331548690796, 3.3266828060150146, 2.882083975035569], "9": [5.60947230884007, 5.118004279978135, 3.78665652539995], "10": [6.798733524978161, 7.314368193490164, 4.610594090961275], "11": [9.123674726486206, 11.647644369942801, 7.020655155181885], "12": [13.007839823668858, 17.435928720015067, 7.699866115129911], "13": [17.799930099581108, 27.62228757540385, 11.10076176457935], "14": [24.69059118584021, 41.22553778848341, 20.009168676840954], "15": [30.340572919601048, 71.4743235707283, 17.01071120877015], "16": [48.51144451253555, 109.80762713605708, 29.174721056901955], "17": [51.44389550185498, 164.2523803197885, 34.51329551991962], "18": [54.377951067485164, 246.08923231959344, 44.65670393734443]}