{"0": {"compTimeSuccess": [148.29595239957175, 121.47113376004356, 163.49502405939222], "compTime": [219.51222703456878, 232.27755181074141, 181.7240207839012], "pathTime": [-62.93260249051911, 93.38964197995108, 140.99356273077277], "pathDist": [62.860030574881186, 59.92415789785777, 69.92541636364051], "successRate": [0.3, 0.14, 0.79]}}