{"0": {"compTimeSuccess": [0, 0, 0], "compTime": [0.1178361701965332, 0.1181885313987732, 0.4212415051460266], "pathTime": [0, 0, 0], "pathDist": [0, 0, 