{"0": {"compTimeSuccess": [206.9314523297687, 170.90814336951897, 168.4768883728981], "compTime": [373.9934117126465, 338.89226323604584, 168.4768883728981], "pathTime": [-59.811458599031276, 95.67841109328651, 143.32114944015407], "pathDist": [62.2436678300883, 60.411434426516244, 73.6909971799868], "successRate": [0.43, 0.49, 1.0]}}