{"0": {"compTimeSuccess": [200.9198360045751, 177.06411095460257, 175.9881540647487], "compTime": [316.4000558805466, 319.93218620061873, 182.71076504230498], "pathTime": [-66.12572196740628, 95.24371882259463, 136.075538075902], "pathDist": [63.07606856318191, 60.51303411395762, 71.0508602056448], "successRate": [0.42, 0.36, 0.97]}}