{"0": {"compTimeSuccess": [186.98442378997802, 148.31362963977614, 172.47196596728432], "compTime": [271.76836848020554, 271.42502693891527, 185.23998608350755], "pathTime": [-70.2831983793373, 88.93552358855136, 138.02795818430755], "pathDist": [59.1480338324304, 61.59828634220442, 72.4592916848533], "successRate": [0.25, 0.19, 0.9]}}