{"0": {"compTimeSuccess": [122.87086604770862, 149.91586405038834, 145.35100444994475], "compTime": [185.3728633761406, 196.29812621355057, 169.00975014209746], "pathTime": [-60.670197451872426, 79.58061143266222, 135.1161217484471], "pathDist": [61.84193711352417, 56.01666120175103, 73.1306955790052], "successRate": [0.19, 0.08, 0.57]}}