{"0": {"compTimeSuccess": [181.24315733909606, 171.91285546336854, 175.04014457401476], "compTime": [290.956797504425, 300.3383598828316, 183.794786837101], "pathTime": [-59.25144140811639, 93.8757700942424, 140.05858693614536], "pathDist": [63.48552930207952, 60.765767929822005, 72.30253583915787], "successRate": [0.35, 0.28, 0.95]}}